Cy0,clay,Ceq,iom,depth
43.07730,22.70000,53.84662,4.59183,30.00000
