exp,hyp,lin,log
505860.82351,inf,20253.76585,8398.06580
0.16946,nan,42.28447,2679.43114
,nan,,0.09593
,,,33.03386
