exp,hyp,lin,log
31947.75891,inf,11766.78882,10844.03678
0.13853,nan,10.51931,1779.63580
,nan,,0.05339
,,,63.15934
