Ceq,dpm,rpm,bio,hum,iom,inputs
53.84400,0.09368,12.49107,0.92270,35.74471,4.59183,5.38400
