age,diam,biomass,allom=chave dry
0.00000,0.00000,0.00000
10.00000,25.00000,160.62795
20.00000,50.00000,730.45023
30.00000,62.50000,1163.09444
40.00000,75.00000,1683.33981
50.00000,87.50000,2282.45773
